Rate,Review
5,"N Ä‘Ã£ nháº­n Ä‘á»§ sáº£n pháº©m.  Sáº£n pháº©m Ä‘Ãºng mÃ´ táº£ . VÃ¬ cÃ²n TÃ¹y gu má»—i ngÆ°á»i.ğŸ«°CÃ´ ,dÃ¬ ,chÃº ,bÃ¡c ,Anh chá»‹ emğŸ‘‰ kham kháº£o thÃªm bÃªn pháº§n mÃ´ táº£ chi tiáº¿t sáº£n pháº©m cá»§a nhÃ  bÃ¡n hÃ ng.ğŸ«¶ğŸ«¶ğŸ«¶ğŸ«¶ğŸ«¶Lazada"
5,"Dá»… sá»­ dá»¥ng, Bá»n vÃ  thá»i trang, Phá»¥ kiá»‡n thá»i trang, Ã tÆ°á»Ÿng quÃ  táº·ng tuyá»‡t vá»i, Chá»‘ng gá»‰ vÃ  Äƒn mÃ²n, Thiáº¿t káº¿ Ä‘a nÄƒng, Äá»™c Ä‘Ã¡o vÃ  há»£p thá»i trang,"
5,"Giao hÃ ng nhanh, giÃ¡ thÃ nh ráº», sáº£n pháº©m nhá» hÆ¡n so vá»›i tÆ°á»Ÿng tÆ°á»£ng, loáº¡i nÃ y may trá»±c tiáº¿p vÃ o Ä‘á»“, khÃ³ thÃ¡o rá»i vÃ¬ báº¥t tiá»‡n"
5,Cháº¥t lÆ°á»£ng:  ok Cháº¥t liá»‡u:  kgicust KÃ­ch cá»¡:  ná»¥khccy MÃ u sáº¯c:  uá»³dcknp Äá»™ vá»«a váº·n:  n hcjnobuxez Giá»‘ng mÃ´ táº£:  Å©gzr knonpgudt
5,"Phá»¥ kiá»‡n thá»i trang, Cháº¥t liá»‡u cao cáº¥p, Chá»‘ng gá»‰ vÃ  Äƒn mÃ²n, Bá»n vÃ  thá»i trang, KhÃ³a cháº¯c cháº¯n, Äá»™ dÃ i cÃ³ thá»ƒ Ä‘iá»u chá»‰nh,"
5,"Ã tÆ°á»Ÿng quÃ  táº·ng tuyá»‡t vá»i, Bá»n vÃ  thá»i trang, Thiáº¿t káº¿ Ä‘a nÄƒng, Chá»‘ng gá»‰ vÃ  Äƒn mÃ²n, Phá»¥ kiá»‡n thá»i trang, Cháº¥t liá»‡u cao cáº¥p, Äá»™ dÃ i cÃ³ thá»ƒ Ä‘iá»u chá»‰nh, KhÃ³a cháº¯c cháº¯n,"
5,Cháº¥t lÆ°á»£ng:  bth Cháº¥t liá»‡u:  bth KÃ­ch cá»¡:  nhá» MÃ u sáº¯c:  Ä‘en CÃ¡i khuy máº¯c quáº§n LÃºc nháº­n hÃ ng mik nhÃ¬n k ra cÃ¡ch sd - mÃ£i má»›i nháº­n ra lÃ  cÃ¡i khuy Ä‘Ã³ pháº£i khÃ¢u vÃ o quáº§n
5,"Chá»‘ng gá»‰ vÃ  Äƒn mÃ²n, Äá»™c Ä‘Ã¡o vÃ  thá»i thÆ°á»£ng, Bá»n vÃ  thá»i trang, Ã tÆ°á»Ÿng quÃ  táº·ng tuyá»‡t vá»i, bÃ© xÃ­u ad"
5,"bÃ© xÃ­u xiu ğŸ˜ shop láº¡i gÃ³i nhÆ° nÃ y, ban Ä‘áº§u tÆ°á»Ÿng bá»‹ giao thiáº¿u cÆ¡, sau tÃ¬m ra gÃ³i nhÆ° tá» giáº¥y bá» Ä‘i váº­y. may chÆ°a vá»©t ğŸ˜"
5,"KhÃ³a cháº¯c cháº¯n, Phá»¥ kiá»‡n thá»i trang, Cháº¥t liá»‡u cao cáº¥p, Bá»n vÃ  thá»i trang, Ã tÆ°á»Ÿng quÃ  táº·ng tuyá»‡t vá»i, Thiáº¿t káº¿ Ä‘a nÄƒng,"
5,"Äá»™ dÃ i cÃ³ thá»ƒ Ä‘iá»u chá»‰nh, Äá»™c Ä‘Ã¡o vÃ  thá»i thÆ°á»£ng, Dá»… sá»­ dá»¥ng, Phá»¥ kiá»‡n thá»i trang, Bá»n vÃ  thá»i trang, Thiáº¿t káº¿ Ä‘a nÄƒng, Cháº¥t liá»‡u cao cáº¥p, Ã tÆ°á»Ÿng quÃ  táº·ng tuyá»‡t vá»i,"
5,"Phá»¥ kiá»‡n thá»i trang, Äá»™ dÃ i cÃ³ thá»ƒ Ä‘iá»u chá»‰nh, Phá»¥ kiá»‡n thá»i trang, Äá»™ dÃ i cÃ³ thá»ƒ Ä‘iá»u chá»‰nh, Äá»™ dÃ i cÃ³ thá»ƒ Ä‘iá»u chá»‰nh, Phá»¥ kiá»‡n thá»i trang, Bá»n vÃ  thá»i trang, Phá»¥ kiá»‡n thá»i trang, Ã tÆ°á»Ÿng quÃ  táº·ng tuyá»‡t vá»i, Phá»¥ kiá»‡n thá»i trang,"
5,"Dá»… sá»­ dá»¥ng, KhÃ³a cháº¯c cháº¯n, Thiáº¿t káº¿ Ä‘a nÄƒng, Cháº¥t liá»‡u cao cáº¥p, Phá»¥ kiá»‡n thá»i trang, Bá»n vÃ  thá»i trang,"
5,"Ã tÆ°á»Ÿng quÃ  táº·ng tuyá»‡t vá»i, Chá»‘ng gá»‰ vÃ  Äƒn mÃ²n, Cháº¥t liá»‡u cao cáº¥p, Thiáº¿t káº¿ Ä‘a nÄƒng, Äá»™c Ä‘Ã¡o vÃ  thá»i thÆ°á»£ng,"
5,"Äá»™ dÃ i cÃ³ thá»ƒ Ä‘iá»u chá»‰nh, Äá»™c Ä‘Ã¡o vÃ  thá»i thÆ°á»£ng, Phá»¥ kiá»‡n thá»i trang, KhÃ³a cháº¯c cháº¯n, Thiáº¿t káº¿ Ä‘a nÄƒng,"
